discipline,M,rho,mean_simulation_EW,mean_theoretical_EW,mean_absolute_error,mean_relative_error_percent,num_runs
exhaustive,10,0.7,16.18435567588232,15.9,0.3772420685540005,2.37259162612578,3
limited,10,0.7,48.59795439791223,47.029411764705856,1.987354379827077,4.2257691628593195,3
